Identifier;Regime_name;StandstillYear;Institution;Assessment;Document;Rollback;eurostat;iso3c
AT001;Holdings (Schachtelbegunstigung - intra group relief);1999;COCG;Harmful;14313/99;2002 (doc. 14361/03);AT;AUT
AT002;Private foundations (Stifungen);1999;COCG;Not harmful;NA;;AT;AUT
AT003;Certain exemptions from corporate tax;1999;COCG;Not harmful;NA;;AT;AUT
AT004;Participation Fund Companies;1999;COCG;Not harmful;NA;;AT;AUT
AT005;Investment allowance;1999;COCG;Not harmful;NA;;AT;AUT
AT006;Tax exemptions;1999;COCG;Harmful;14313/99;2002 (doc. 14361/03);AT;AUT
AT007;R&D Allowance;1999;COCG;Not harmful;NA;;AT;AUT
BE001;Co-ordination Centres;1998;COCG;Harmful;14313/9;2002: amended (doc. 14812/02) 2006: amended 2011: end of grandfathering (doc. 10857/11);BE;BEL
BE002;Distribution Centres;1998;COCG;Harmful;14313/9;2002: amended (doc. 14812/02) 2005: abolished (doc. 9655/06);BE;BEL
BE003;Service Centres;1998;COCG;Harmful;14313/9;2002: amended (doc. 14812/02) 2005: abolished (doc. 9655/06);BE;BEL
BE004;Supplementary staff assigned to scientific research and export management;1999;COCG;Not harmful;NA;;BE;BEL
BE005;Investment Deductions;1999;COCG;Not harmful;NA;;BE;BEL
BE006;Employment and (T) Zones;1999;COCG;Not harmful;NA;;BE;BEL
BE007;Incentives for Investment in Certain Regions;1999;COCG;Not harmful;NA;;BE;BEL
BE008;Re-Conversion Zones;1999;COCG;Not harmful;NA;;BE;BEL
BE009;US Foreign Sales Corporations Ruling;1999;COCG;Harmful;14313/99;2004 (doc. 14361/03);BE;BEL
BE010;Informal Capital Ruling;1999;COCG;Harmful;14313/99;2002 (doc. 14361/03);BE;BEL
BE011;Holdings;1999;COCG;Not harmful;NA;;BE;BEL
BE012;Investment funds;1999;COCG;Not harmful;NA;;BE;BEL
BE013;Measure aimed at determining the level of taxation of foreign companies operating in Belgium, without legal personality or probative accounts;1999;COCG;Not harmful;NA;;BE;BEL
BE014;Patent Income Deduction (PID);2008;COCG;Not assessed;16084/1/0;30/06/2021: end of grandfathering;BE;BEL
BE015;Profit Participating Loan;2008;COCG;Not assessed;10200/1/09;;BE;BEL
BE016;Amended Patent Income Deduction (PID) for small companies;2013;COCG;Harmful;16553/1/1;2016 (doc. 14750/16);BE;BEL
BE017;Patent box;2017;COCG;Not harmful;10047/17;;BE;BEL
BE018;Notional Interest Deduction;2018;COCG;Not harmful;14364/18;;BE;BEL
BG001;Insurance companies;2006;COCG;Harmful;10879/06;2005 (doc. 10879/06);BG;BGR
BG002;Gambling activities;2006;COCG;Not harmful;NA;;BG;BGR
BG003;Telecom companies;2006;COCG;Harmful;10879/06;2005 (doc. 10879/06);BG;BGR
BG004;Investment Tax Credit for investors;2006;COCG;Not harmful;NA;;BG;BGR
BG005;Measure under the Foreign Investment Act (50% of the corporate tax due retained for a period of 10 years);2006;COCG;Harmful;10879/0;1998: abolished 2007: end of grandfathering (doc. 10879/06);BG;BGR
BG006;Tonnage tax;2006;COCG;Not harmful;NA;;BG;BGR
BG007;Amendments to the Investment Tax Credit;2007;COCG;Not assessed;9047/07;;BG;BGR
BG008;Introduction of Art. 189a in the Bulgarian Law on Corporate Income Tax;2009;COCG;Not assessed (repealed in 2010);NA;;BG;BGR
BG009;Tax measure under Art. 189b in the Bulgarian Law on Corporate Income Tax;2010;COCG;Not assessed;10857/1;;BG;BGR
CY001;International Business Companies / International Branches;2003;COCG;Harmful;13213/0;2003: abolished 2006: end of grandfathering (doc. 13213/03);CY;CYP
CY002;Insurance Companies;2003;COCG;Harmful;13213/0;2003: abolished 2006: end of grandfathering (doc. 13213/03);CY;CYP
CY003;International Financial Services Companies;2003;COCG;Harmful;13213/0;2003: abolished 2006: end of grandfathering (doc. 13213/03);CY;CYP
CY004;International Banking Units;2003;COCG;Harmful;13213/0;2003: abolished 2006: end of grandfathering (doc. 13213/03);CY;CYP
CY005;International general and limited partnerships;2003;COCG;Harmful;13213/0;2003: abolished 2006: end of grandfathering (doc. 13213/03);CY;CYP
CY006;(International) Collective Investment Schemes;2003;COCG;Harmful;13213/0;2003: abolished 2006: end of grandfathering (doc. 13213/03);CY;CYP
CY007;Shipping Regime;2003;COCG;Not harmful;NA;;CY;CYP
CY008;Capital gains;2003;COCG;Not harmful;NA;;CY;CYP
CY009;Foreign income;2003;COCG;Harmful;13213/03;2003 (doc. 13213/03);CY;CYP
CY010;Export of services;2003;COCG;Harmful;13213/0;2003: abolished 2006: end of grandfathering (doc. 13213/03);CY;CYP
CY011;Companies listed at the Cyprus Stock Exchange (CSE);2003;COCG;Not harmful;NA;;CY;CYP
CY012;Export of goods;2003;COCG;Harmful;13213/03;2003 (doc. 13213/03);CY;CYP
CY013;Co-operative societies;2003;COCG;Not harmful;NA;;CY;CYP
CY014;Auxiliary tourist buildings or projects;2003;COCG;Not harmful;NA;;CY;CYP
CY015;Holdings;2003;COCG;Not harmful;NA;;CY;CYP
CY016;Foreign Branches;2003;COCG;Not harmful;NA;;CY;CYP
CY017;Change in the legislation regarding taxation of interest and the participation exemption;2010;COCG;Not assessed;16766/1;;CY;CYP
CY018;Intellectual Property tax;2013;COCG;Harmful;16553/1/1;2016 (doc. 14750/16) 30/06/2021: end of grandfathering;CY;CYP
CY019;Patent box;2017;COCG;Not harmful;10047/17;;CY;CYP
CY020;Notional interest deduction;2018;COCG;In the process of being amended;9652/1ADD 1 + doc. 14114/19;;CY;CYP
CZ001;Investment incentives;2003;COCG;Harmful;13213/03;2004 (doc. 9427/05);CZ;CZE
DE001;Shipping Regime - Tonnage Tax;1999;COCG;Not harmful;NA;;DE;DEU
DE002;Special Allowances - Agriculture and Forestry;1999;COCG;Not harmful;NA;;DE;DEU
DE004;Special Depreciation - Business Investment in former DDR and West Berlin;1999;COCG;Not harmful;NA;;DE;DEU
DE005;Investment Grants - Equipment in Former DDR and West Berlin;1999;COCG;Not harmful;NA;;DE;DEU
DE006;Tax Advantages - Commercial Investment in BRD/DDR Border Area Germany;1999;COCG;Not harmful;NA;;DE;DEU
DE007;Special Depreciation for SMEs;1999;COCG;Not harmful;NA;;DE;DEU
DE008;Rollover of Capital Gains;1999;COCG;Not harmful;NA;;DE;DEU
DE009;Limits on Taxes on Commercial Income;1999;COCG;Not harmful;NA;;DE;DEU
DE010;Control and coordination centres of foreign companies in Germany;1999;COCG;Harmful;14313/9;2001 (doc. 14812/02);DE;DEU
DE011;Holding companies;1999;COCG;Not harmful;NA;;DE;DEU
DE012;Schwankungsruckstellungen (provision for fluctuation in insurance and re-insurance);1999;COCG;Not harmful;NA;;DE;DEU
DE013;Investor model/film funds;1999;COCG;Not harmful;NA;;DE;DEU
DE014;Rules for self-generated intangibles;1999;COCG;Not harmful;NA;;DE;DEU
DK001;Early depreciation for vessels;1999;COCG;Not harmful;NA;;DK;DNK
DK002;Enterprise Zones;1999;COCG;Not harmful;NA;;DK;DNK
DK003;Foreign business Operations Relief;1999;COCG;Not harmful;NA;;DK;DNK
DK004;Scheme for Early Depreciation of Certain Assests;1999;COCG;Not harmful;NA;;DK;DNK
DK005;Holding Companies;1999;COCG;Harmful;14313/99;2001 (doc. 14812/02);DK;DNK
EE001;New Investment Funds Act;2018;COCG;Out of scope;9637/18;;EE;EST
EL001;Offices of Foreign Companies (Law 89/67 Offices);1998;COCG;Harmful;14313/9;2002: abolished (doc. 8848/02) 2006: end of grandfathering (doc. 14812/02);EL;GRC
EL002;Ship management Offices;1999;COCG;Not harmful;NA;;EL;GRC
EL003;Shipping Regime;1999;COCG;Not harmful;NA;;EL;GRC
EL004;Exports Incentives and Incentives for Mass Media;1999;COCG;Not harmful;NA;;EL;GRC
EL005;Incentives for Investment (Law 2601/98);1999;COCG;Not harmful;NA;;EL;GRC
EL006;Small Islands Income Tax Reduction;1999;COCG;Not harmful;NA;;EL;GRC
EL007;Mutual Funds/Portfolio Investment Companies;1999;COCG;Not harmful;NA;;EL;GRC
EL008;Fixed Tax - Transferable Securities;1999;COCG;Not harmful;NA;;EL;GRC
EL009;Business share capital companies (Law 2367/1995, art.5);1999;COCG;Not harmful;NA;;EL;GRC
EL010;Long term loans in foreign currency;1999;COCG;Not harmful;NA;;EL;GRC
EL011;Large scale product-line investments financed with Greece foreign capital;1999;COCG;Not harmful;NA;;EL;GRC
EL012;National infrastructure;1999;COCG;Not harmful;NA;;EL;GRC
EL013;Tax Incentives for Development;2004;COCG;Not assessed (abolished before);NA;;EL;GRC
EL014;Tax Incentives for Investment;2005;COCG;Not assessed;9427/05;;EL;GRC
EL015;Patent tax incentive;2018;COCG;Not harmful, but annual monitoring;9637/18;;EL;GRC
ES001;Basque Country - Co-ordination Centres;1998;COCG;Harmful;14313/9;2002 (docs. 8848/02 and 14812/02);ES;ESP
ES002;Navarra - Co-ordination Centres;1998;COCG;Harmful;14313/9;2002 (docs. 8848/02 and 14812/02);ES;ESP
ES003;Holding Companies (ETVE);1998;COCG;Not harmful;NA;;ES;ESP
ES004;Incentives for Mining Enterprises;1999;COCG;Not harmful;NA;;ES;ESP
ES005;Canary Islands - Economic and Tax Regime (REF);1999;COCG;Not harmful;NA;;ES;ESP
ES006;Basque Country - Start Up Relief;1999;COCG;Not harmful;NA;;ES;ESP
ES007;Navarra - Start Up Relief;1999;COCG;Not harmful;NA;;ES;ESP
ES008;Regional Development Companies;1999;COCG;Not harmful;NA;;ES;ESP
ES009;Incentives for SMEs;1999;COCG;Not harmful;NA;;ES;ESP
ES010;Investment Tax Credits;1999;COCG;Not harmful;NA;;ES;ESP
ES011;Venture Capital Funds and Companies;1999;COCG;Not harmful;NA;;ES;ESP
ES012;Representative Office;1999;COCG;Not harmful;NA;;ES;ESP
ES013;Banks and finance entities;1999;COCG;Not harmful;NA;;ES;ESP
ES014;50% profit exemption in Ceuta and Melilla;1999;COCG;Not harmful;NA;;ES;ESP
ES015;Relief for investments in films and audio-visual productions;1999;COCG;Not harmful;NA;;ES;ESP
ES016;Investigation and Exploitation of Hydrocarbons;1999;COCG;Harmful;14313/99;2003 (doc. 7018/1/03);ES;ESP
ES017;Shipping Regime;1999;COCG;Not harmful;NA;;ES;ESP
ES018;Partial exemption for income from certain intangible assets;2008;COCG;Harmful;16553/1/1;2016 (doc. 9912/16) 30/06/2021: end of grandfathering (doc. 14364/18);ES;ESP
ES019;Basque country (Álava, Guipúzcoa and Vizcaya) - Partial exemption for income from certain intangible assets;2014;COCG;Harmful;16553/1/1;2016 (doc. 9912/16) 30/06/2021: end of grandfathering (doc. 14364/18);ES;ESP
ES020;Navarra - partial exemption for income from certain intangible assets;2014;COCG;Harmful;16553/1/1;2017 (doc. 14784/17) 30/06/2021: end of grandfathering (doc. 14364/18);ES;ESP
ES021;Reduction of income derived from certain intangible assets;2016;COCG;Harmful;14784/1;2018 (doc. 14364/18);ES;ESP
ES022;Navarra - Reduction of income derived from certain intangible assets;2016;COCG;Harmful;14784/1;2018 (doc. 14364/18);ES;ESP
ES023;Basque country (Álava, Guipúzcoa and Vizcaya) - Partial reduction for the exploitation of intellectual and industrial property;2016;COCG;Harmful;14784/1;2018 (doc. 14364/18);ES;ESP
FI001;Åland Islands: Captive Insurance;1998;COCG;Harmful;14313/99;2003 (doc. 14812/02);FI;FIN
FI002;Ice-Class Investment Allowance;1999;COCG;Not harmful;NA;;FI;FIN
FI003;"Accelerated Depreciation; Investments in Developing Regions";1999;COCG;Not harmful;NA;;FI;FIN
FR001;Headquarters and Logistic Centres;1998;COCG;Harmful;14313/99;2003 (doc. 14361/03);FR;FRA
FR002;Royalty Income - Patents;1998;COCG;Harmful;14313/99;2002 (doc. 14812/02);FR;FRA
FR003;Shipping Regime;1999;COCG;Not harmful;NA;;FR;FRA
FR004;Tax credit for research;1998;COCG;Not harmful;NA;;FR;FRA
FR005;Corsica Incentives 1,2,3;1999;COCG;Not harmful;NA;;FR;FRA
FR006;Tax Free Zones - ZFU;1999;COCG;Not harmful;NA;;FR;FRA
FR007;Enterprise Zones;1999;COCG;Not harmful;NA;;FR;FRA
FR008;Overseas Departments;1999;COCG;Not harmful;NA;;FR;FRA
FR009;Nord-Pas-de-Calais - Privileged Investment Zone;1999;COCG;Not harmful;NA;;FR;FRA
FR010;Bénéfice Mondial and Bénéfice Consolidé;1999;COCG;Not harmful;NA;;FR;FRA
FR011;Newly Created Companies;1999;COCG;Not harmful;NA;;FR;FRA
FR012;St Martin and St Barthélémy;1999;COCG;Not harmful;NA;;FR;FRA
FR013;Venture Capital Companies;1999;COCG;Not harmful;NA;;FR;FRA
FR014;Tax Credits for Job-creating Investments;1999;COCG;Not harmful;NA;;FR;FRA
FR015;Tax Credits for Staff Training Costs;1999;COCG;Not harmful;NA;;FR;FRA
FR016;Holding de participations étrangères;1999;COCG;Not harmful;NA;;FR;FRA
FR017;Centrales de trésorerie / Finance centres;1999;COCG;Not harmful;NA;;FR;FRA
FR018;Provisions for risks relating to medium and long term credit operations carried out by banks and credit institutions;1999;COCG;Not harmful;NA;;FR;FRA
FR019;Technical provisions for insurance and reinsurance undertakings;1999;COCG;Not harmful;NA;;FR;FRA
FR020;Holding companies with shareholdings in foreign companies;1999;COCG;Not harmful;NA;;FR;FRA
FR021;Provisions for Renewal of Mineral Reserves;1999;COCG;Harmful;14313/99;2003 (doc. 14361/03);FR;FRA
FR022;Provision for Renewal of Oil and Gas Reserves;1999;COCG;Harmful;14313/99;2003 (doc. 14361/03);FR;FRA
FR023;Tax credit for membership of a 'groupement de prevention agréé';1999;COCG;Not harmful;NA;;FR;FRA
FR024;Exemption from corporation tax on takeover of ailing companies;1999;COCG;Not harmful;NA;;FR;FRA
FR025;Legal persons liable for corporation tax whose objects are to transfer use and benefit of movable or immovable property to its members free of charge;1999;COCG;Not harmful;NA;;FR;FRA
FR026;Distribution by certain companies of capital gains arising 1999 on liquidation;1999;COCG;Not harmful;NA;;FR;FRA
FR027;Provisions to cover price increases;1999;COCG;Not harmful;NA;;FR;FRA
FR028;Provisions for setting up foreign branches;1999;COCG;Not harmful;NA;;FR;FRA
FR029;Provision for employee start-up loans;1999;COCG;Not harmful;NA;;FR;FRA
FR030;Provisions for risks relating to medium-term credit transactions by firms carrying out works or selling abroad;1999;COCG;Not harmful;NA;;FR;FRA
FR031;Long-term capital gains on FCPR and SCR securities;1999;COCG;Not harmful;NA;;FR;FRA
FR032;Carryover of losses on merger (consent);1999;COCG;Not harmful;NA;;FR;FRA
FR033;Deferred taxation in the event of merger and practical asset transfer;1999;COCG;Not harmful;NA;;FR;FRA
FR034;Authorised Telecom financing companies;1999;COCG;Not harmful;NA;;FR;FRA
FR035;Investment companies;1999;COCG;Not harmful;NA;;FR;FRA
FR036;Reduced rate of 19% on reinvested SME profits;1999;COCG;Not harmful;NA;;FR;FRA
FR037;Exceptional depreciation for buildings constructed under urban and rural planning arrangements;1999;COCG;Not harmful;NA;;FR;FRA
FR038;Accelerated depreciation for purchases of software;1999;COCG;Not harmful;NA;;FR;FRA
FR039;Accelerated depreciation for energy-saving equipment;1999;COCG;Not harmful;NA;;FR;FRA
FR040;Accelerated depreciation for environmental protection;1999;COCG;Not harmful;NA;;FR;FRA
FR041;Deduction of cooperative dividends;1999;COCG;Not harmful;NA;;FR;FRA
FR042;Tax exemption of capital gains on the scale of securities of companies established by special agreement to promote industry, business and agriculture;1999;COCG;Not harmful;NA;;FR;FRA
FR043;Exemption from corporation tax for the oil storage agency;1999;COCG;Not harmful;NA;;FR;FRA
FR044;Corporation tax exemption for agricultural cooperatives;1999;COCG;Not harmful;NA;;FR;FRA
FR045;Provision for renewal of mineral reserves;1999;COCG;Not harmful;NA;;FR;FRA
FR046;Provision for renewal of oil and gas reserves;1999;COCG;Not harmful;NA;;FR;FRA
FR047;Press;1999;COCG;Not harmful;NA;;FR;FRA
FR048;Special depreciation rules for the audiovisual sector;1999;COCG;Not harmful;NA;;FR;FRA
FR049;Business and industrial real estate companies;1999;COCG;Not harmful;NA;;FR;FRA
FR050;Companies authorised to provide energy-saving and heat recovery financing (SOFERGIE);1999;COCG;Not harmful;NA;;FR;FRA
FR051;Exceptional depreciation for participating interests in companies financing non-industrial fishing (SOFIPECHE);1999;COCG;Not harmful;NA;;FR;FRA
FR052;Securities in innovation financing companies (SFI);1999;COCG;Not harmful;NA;;FR;FRA
FR053;Reduced rate for long term capital gains and profits from the licensing of Intellectual Property rights;2014;COCG;Harmful;16553/1/1;2019 (doc. 9652/19 ADD 7 REV 1);FR;FRA
FR054;New IP regime;2019;COCG;Not harmful;9652/1ADD 2;;FR;FRA
HR001;Corporate Income Tax Act;2013;COCG;Not harmful;10608/14;;HR;HRV
HR002;Hill and Mountain Areas Act;2013;COCG;Not harmful;10608/14;;HR;HRV
HR003;Areas of Special State Concern Act;2013;COCG;Not harmful;10608/14;;HR;HRV
HR004;Investment Promotion Act (2006);2013;COCG;Not harmful;10608/14;;HR;HRV
HR005;Reconstruction and Development of the City of Vukovar Act;2013;COCG;Not harmful;10608/1;;HR;HRV
HR006;Free Zones Act;2013;COCG;Not harmful;10608/14;;HR;HRV
HR007;Maritime Code;2013;COCG;Not harmful;10608/14;;HR;HRV
HR008;Investment Promotion Act (2012);2013;COCG;Not harmful;10608/14;;HR;HRV
HR009;Investment Promotion Act (2015);2016;COCG;Not assessed (amended in 2017: see HR011);14784/17;;HR;HRV
HR010;Amendments to the Law on Corporate Income (OG, No 115/16);2017;COCG;Not assessed (only the advance pricing agreement aspect was deemed relevant: see HR012);NA;;HR;HRV
HR011;Investment Promotion Act (2017);2018;COCG;Out of scope;14364/18;;HR;HRV
HR012;Ordinance on the procedure of concluding advance pricing agreements;2018;COCG;Out of scope;14364/1;;HR;HRV
HR013;Incentive measures fir research and development projects;2019;COCG;Not assessed;9652/1ADD 6 REV 1;;HR;HRV
HU001;Offshore companies;2003;COCG;Harmful;13213/0;2003: abolished 2006: end of grandfathering (doc. 13213/03);HU;HUN
HU002;10 years tax holidays;2003;COCG;Not harmful;NA;;HU;HUN
HU003;Venture capital companies;2003;COCG;Not harmful;NA;;HU;HUN
HU004;Holding companies;2003;COCG;Not harmful;NA;;HU;HUN
HU005;Investment tax relief subject to special approval;2003;COCG;Not harmful;NA;;HU;HUN
HU006;Revenue from Stock Exchange Operations;2003;COCG;Not harmful;NA;;HU;HUN
HU007;Interest from affiliated companies;2004;COCG;No broad consensus on whether the measure is harmful;15434/05;Abolished (doc. 14364/18);HU;HUN
HU008;Royalty income;2004;COCG;Not harmful;NA;;HU;HUN
HU009;Intangible property for royalties and capital gains;2014;COCG;Harmful;16553/1/1;2016 ( doc. 14750/16) 30/06/2021: end of grandfathering;HU;HUN
HU010;Tax Base for Interest Payments Received from Abroad;2010;COCG;Not assessed (abolished before);10857/11;;HU;HUN
HU011;Intellectual property box;2017;COCG;Not harmful;10047/17;;HU;HUN
IE001;The International Financial Services Centre (Dublin);1998;COCG;Harmful;14313/9;2002: phase out (doc. 8848/02) 2003: abolished (doc. 7018/1/03);IE;IRL
IE002;Research and Technical Development;1999;COCG;Not harmful;NA;;IE;IRL
IE003;Mining Taxation;1999;COCG;Not harmful;NA;;IE;IRL
IE004;10% Manufacturing Rate;1999;COCG;Harmful;14313/9;2002: phase out (doc. 8848/02) 2011: end of grandfathering (doc. 10857/11));IE;IRL
IE005;Petroleum Taxation;1999;COCG;Harmful;14313/9;2002: tax rate increased (doc. 8848/02);IE;IRL
IE006;Shannon Airport Zone (SAZ);1999;COCG;Harmful;14313/9;2002: phase out (doc. 8848/02) 2006: end of grandfathering (doc. 14812/02);IE;IRL
IE007;New Investments - Buildings in Run-Down Urban Areas;1999;COCG;Not harmful;NA;;IE;IRL
IE008;Foreign Income;1999;COCG;Harmful;14313/9;2001: abolished (doc. 8842/02) 2011: end of grandfathering (doc. 10857/11);IE;IRL
IE009;Exemption of income from Government securities;1999;COCG;Not harmful;NA;;IE;IRL
IE010;Non-resident companies;1999;COCG;Not harmful;NA;;IE;IRL
IE011;Specified collective investment undertakings;1999;COCG;Not harmful;NA;;IE;IRL
IE012;Film;1999;COCG;Not harmful;NA;;IE;IRL
IE013;Investment in renewable energy projects;1999;COCG;Not harmful;NA;;IE;IRL
IE014;Tax exemption for profit/gain from the occupation of woodlands;1999;COCG;Not harmful;NA;;IE;IRL
IE015;Holding company;2005;COCG;Not assessed;9427/05;;IE;IRL
IE016;Knowledge Development Box;2016;COCG;Not harmful;10047/17;;IE;IRL
IT001;Trieste Financial Services and Insurance centre;1998;COCG;Harmful;14313/99;2003 (doc. 14812/02);IT;ITA
IT002;Shipping Regime;1999;COCG;Not harmful;NA;;IT;ITA
IT003;Listed Companies - Reduced Rates;1999;COCG;Not harmful;NA;;IT;ITA
IT004;Incentives for restructuring the banking sector;1999;COCG;Not harmful;NA;;IT;ITA
IT005;Tax deduction for interest on additional capital contributions from foreign head offices to Italian PE;1999;COCG;Not harmful;NA;;IT;ITA
IT006;Dual income tax;1999;COCG;Not harmful;NA;;IT;ITA
IT007;IRAP exemptions;1999;COCG;Not harmful;NA;;IT;ITA
IT008;SMEs;1999;COCG;Not harmful;NA;;IT;ITA
IT009;Special depreciation regime;1999;COCG;Not harmful;NA;;IT;ITA
IT010;Special regime for investment funds;1999;COCG;Not harmful;NA;;IT;ITA
IT011;Substitute tax regime for corporate reorganisations;1999;COCG;Not harmful;NA;;IT;ITA
IT012;Tax advantages for certain trade and commercial activities;1999;COCG;Not harmful;NA;;IT;ITA
IT013;Regional Incentives : South of Italy (Mezzogiorno);1999;COCG;Not harmful;NA;;IT;ITA
IT014;Incentives for scientific research;1999;COCG;Not harmful;NA;;IT;ITA
IT015;Holdings;2004;COCG;Out of scope;9805/04;;IT;ITA
IT016;International Tax Ruling Practice;2004;COCG;Out of scope;9805/04;;IT;ITA
IT017;Patent box;2014;COCG;Harmful;16553/1/1;2018, but annual monitoring (doc. 9637/18) 30/06/2021: end of grandfathering;IT;ITA
IT018;Patent box;2015;COCG;Not harmful;10047/17;;IT;ITA
IT019;Notional Interest Deduction;2018;COCG;Not harmful;14364/18;;IT;ITA
LT001;Free Economic Zones;2003;COCG;Harmful;13213/0;2004: abolished 2017: end of grandfathering (doc. 13213/03);LT;LTU
LT002;Benefits in respect of reinvested profits;2003;COCG;Not harmful;NA;;LT;LTU
LT003;Enterprises with foreign invested capital;2003;COCG;Harmful;13213/03;2003 (doc. 13213/03);LT;LTU
LT004;Strategic investors;2003;COCG;Harmful;13213/0;2003: abolished 2010: end of grandfathering (doc. 13213/03);LT;LTU
LT005;Special tax zones;2017;COCG;Not harmful, but annual monitoring;14784/17;;LT;LTU
LT006;Review of the corporate income tax regime for special tax zones;2018;COCG;Not assessed, but annual monitoring;14364/18;;LT;LTU
LT007;New special corporate income tax regime for patented assets and copyrighted software;2018;COCG;Not harmful;9652/1ADD 3;;LT;LTU
LT008;Holding company regime;2019;COCG;Harmful;9652/19;;LT;LTU
LU001;Co-ordination Centres;1998;COCG;Harmful;14313/9;1996: abolished 2002: end of grandfathering (doc. 14812/02);LU;LUX
LU002;Tax Exempt 1929 Holding Companies;1998;COCG;Harmful;14313/9;2005 (doc. 9427/05) 2011: end of grandfathering (doc. 10857/11);LU;LUX
LU003;Finance Companies;1998;COCG;Harmful;14313/9;1996: abolished 2002: end of grandfathering (doc. 14812/02);LU;LUX
LU004;Provisions for Fluctuations in Reinsurance;1998;COCG;Harmful;14313/9;2002: abolished 2007: end of grandfathering (doc. 14812/02);LU;LUX
LU005;Audiovisual Investment Certificates;1999;COCG;Not harmful;NA;;LU;LUX
LU006;Tax holidays for New Businesses;1999;COCG;Not harmful;NA;;LU;LUX
LU007;Special depreciation arrangement for assets intended for environmental protection and energy saving, and for assets adjusting work places for disabled workers;1999;COCG;Not harmful;NA;;LU;LUX
LU008;Application of the parent company/subsidiary system to resident companies with share capital (SOPARFI);1999;COCG;Not harmful;NA;;LU;LUX
LU009;Depreciation of equipment and tools used solely for scientific or technical research operation;1999;COCG;Not harmful;NA;;LU;LUX
LU010;Shipping Regime;1999;COCG;Not harmful;NA;;LU;LUX
LU011;Investment funds;1999;COCG;Not harmful;NA;;LU;LUX
LU012;Venture Capital investment certificates;1999;COCG;Not harmful;NA;;LU;LUX
LU013;Finance Branches;1999;COCG;Harmful;14313/99;2001 (doc. 14812/02);LU;LUX
LU014;Intellectual property;2008;COCG;Harmful;16553/1/1;2016 (doc. 14750/16) 30/06/2021: end of grandfathering;LU;LUX
LU015;Group Financing Companies - Advance Confirmation of Margin (Circular n°164/2 of 28 January 2011);2010;COCG;Not assessed;10857/1;;LU;LUX
LU016;Intra-group financing - safe harbour rule;2017;COCG;Not assessed, but annual monitoring;10047/1and doc. 14114/19;;LU;LUX
LU017;Draft law relating to the tax regime for intellectual property;2018;COCG;Not harmful;9637/1;;LU;LUX
LV001;Special Economic Zones and Free Ports;2003;COCG;Harmful;13213/03;2004 (doc. 13213/03);LV;LVA
LV002;High-tech companies;2003;COCG;Not harmful;NA;;LV;LVA
LV003;Big investment schemes;2003;COCG;Not harmful;NA;;LV;LVA
LV004;Shipping Regime;2003;COCG;Not harmful;NA;;LV;LVA
LV005;Start-up tax reliefs;2017;COCG;Not assessed (de minimis);10047/17;;LV;LVA
MT001;Offshore trading and non trading companies;2003;COCG;Harmful;13213/0;1996: abolished 2004: end of grandfathering (doc. 13213/03);MT;MLT
MT002;Offshore insurance companies / Insurance companies;2003;COCG;Harmful;13213/0;1996: abolished 2004: end of grandfathering (doc. 13213/03);MT;MLT
MT003;Offshore banking companies / Banking companies;2003;COCG;Harmful;13213/0;1996: abolished 2004: end of grandfathering (doc. 13213/03);MT;MLT
MT004;International Trading companies;2003;COCG;Harmful;13213/03;2007;MT;MLT
MT005;Dividends from (other) Maltese companies with foreign income;2003;COCG;Harmful;13213/0;2007: abolished (doc. 9047/07) 2011: end of grandfathering (doc. 10857/11);MT;MLT
MT006;Shipping Regime;2003;COCG;Not harmful;NA;;MT;MLT
MT007;Investment Service Companies;2003;COCG;Harmful;13213/0;2011: end of grandfathering (doc. 10857/11);MT;MLT
MT008;Business Promotion Act;2003;COCG;Not harmful;NA;;MT;MLT
MT009;Onshore free port;2003;COCG;Not harmful;NA;;MT;MLT
MT010;Business Promotion Regulations;2003;COCG;Not harmful;NA;;MT;MLT
MT011;Non-resident companies;2003;COCG;Not assessed;NA;;MT;MLT
MT012;Special granted tax exemption;2003;COCG;Harmful;13213/03;2004 (doc. 13213/03);MT;MLT
MT013;Exemption for royalty income from patents;2014;COCG;Harmful;16553/1/1;2016 (doc. 14750/16) 30/06/2021: end of grandfathering;MT;MLT
MT014;Notional Interest Deduction;2018;COCG;Not harmful;14364/18;;MT;MLT
MT015;New patent box;2019;COCG;Not harmful;14114/1ADD 1;;MT;MLT
NL001;Cost Plus Ruling;1998;COCG;Harmful;14313/9;2001: abolished 2006: end of grandfathering (doc. 14812/02);NL;NLD
NL002;Resale Minus Ruling;1998;COCG;Harmful;14313/9;2001: abolished 2006: end of grandfathering (doc. 14812/02);NL;NLD
NL003;Intra-Group Finance Activities;1998;COCG;Harmful;14313/9;2001: abolished 2006: end of grandfathering (doc. 14812/02);NL;NLD
NL004;Holding Companies;1998;COCG;Harmful;14313/99;2003 (doc. 14812/02);NL;NLD
NL005;Royalties;1998;COCG;Harmful;14313/9;2001: abolished 2006: end of grandfathering (doc. 14812/02);NL;NLD
NL006;International Group Financing;1998;COCG;Harmful;14313/9;2004 (doc. 9655/06) 2011: end of grandfathering (doc. 10857/11);NL;NLD
NL007;Finance Branch;1998;COCG;Harmful;14313/9;2001: abolished 2006: end of grandfathering (doc. 14812/02);NL;NLD
NL008;Shipping Regime;1999;COCG;Not harmful;NA;;NL;NLD
NL009;Tax credits for investments in energy saving equipment;1999;COCG;Not harmful;NA;;NL;NLD
NL010;Accelerated Depreciation of new buildings in certain regions;1999;COCG;Not harmful;NA;;NL;NLD
NL011;US Foreign Sales Corporations Ruling;1999;COCG;Harmful;14313/9;2001: abolished 2006: end of grandfathering (doc. 14812/02);NL;NLD
NL012;Informal Capital Ruling;1999;COCG;Harmful;14313/99;2003 (doc. 14812/02);NL;NLD
NL013;Investment Allowance;1999;COCG;Not harmful;NA;;NL;NLD
NL014;Non Standard Rulings (including Greenfield-rulings);1999;COCG;Harmful;14313/9;2001: abolished 2006: end of grandfathering (doc. 14812/02);NL;NLD
NL015;Film industry;1999;COCG;Not harmful;NA;;NL;NLD
NL016;Innovation box;2007;COCG;Harmful;16553/1/1;2017: abolished 30/06/2021: end of grandfathering;NL;NLD
NL017;Interest box;2007;COCG;Not assessed (measure abandoned);10033/10;;NL;NLD
NL018;Patent box;2017;COCG;Not harmful;10047/17;;NL;NLD
PL001;Special Economic Zones (original rules);2003;COCG;Harmful;13213/0;2011: end of grandfathering (doc. 10857/11);PL;POL
PL002;Special Economic Zones (amended rules);2003;COCG;Harmful;13213/03;2006;PL;POL
PL003;Special Economic Zones (amended rules);2006;COCG;Not assessed;15472/06;;PL;POL
PL004;Shipbuilding and complementary industries;2017;COCG;Out of scope;10047/17;;PL;POL
PL005;GAAR and rulings;2017;COCG;Not assessed;NA;;PL;POL
PL006;15% corporate income tax rate for small taxpayers;2018;COCG;Not harmful;14364/18;;PL;POL
PL007;One-time depreciation of factory new fixed assets;2018;COCG;Not assessed (minor importance: does not affect business location);9637/18;;PL;POL
PL008;Increased tax incentives for R&D activities;2018;COCG;Out of scope;9637/1;;PL;POL
PL009;Increase of the one-time depreciation limit for fixed assets and intangible assets;2018;COCG;Not assessed (minor importance: does not affect business location);9637/18;;PL;POL
PL010;9% corporate income tax for taxpayers with revenues not exceeding EUR 1.2 million;2019;COCG;Not assessed;9652/1ADD 4;;PL;POL
PL011;Notional interest deduction regime;2019;COCG;Not harmful;14114/1ADD 2;;PL;POL
PL012;IP regime;2019;COCG;Not harmful;9652/1ADD 5;;PL;POL
PL013;Polish Investment Zone (PIZ);2019;COCG;Harmful;14114/1ADD 3;;PL;POL
PT001;Madeira and Sta Maria (Azores) Free Zones;1999;COCG;Harmful;14313/9;2003: abolished (doc. 7018/1/03) 2012: end of grandfathering (doc. 10903/12);PT;PRT
PT002;Shipping Regime;1999;COCG;Not harmful;NA;;PT;PRT
PT003;Research and Development Expenses;1999;COCG;Not harmful;NA;;PT;PRT
PT004;Micro and Small Enterprises;1999;COCG;Not harmful;NA;;PT;PRT
PT005;Tax Incentives for Contractual Investment;1999;COCG;Not harmful;NA;;PT;PRT
PT006;Tax Credit for Investment;1999;COCG;Not harmful;NA;;PT;PRT
PT007;Reinvested Capital Gains;1999;COCG;Not harmful;NA;;PT;PRT
PT008;SGII Companies;1999;COCG;Not harmful;NA;;PT;PRT
PT009;SCR, SDR and SFE Companies;1999;COCG;Not harmful;NA;;PT;PRT
PT010;Holding companies (SGPS);1999;COCG;Not harmful;NA;;PT;PRT
PT011;Reinsurance companies;1999;COCG;Not harmful;NA;;PT;PRT
PT012;Accelerated depreciation;1999;COCG;Not harmful;NA;;PT;PRT
PT013;Investment funds;1999;COCG;Not harmful;NA;;PT;PRT
PT014;Industrial Free Zones;1999;COCG;Not harmful;NA;;PT;PRT
PT015;Madeira Free Zones;2008;COCG;Not assessed;16084/1/08;;PT;PRT
PT016;Partial exemption for income from patents and other industrial property rights;2014;COCG;Harmful;16553/1/1;2018 (doc. 9637/18) 30/06/2021: end of grandfathering;PT;PRT
PT017;Patent box;2017;COCG;Not harmful;10047/17;;PT;PRT
PT018;Notional Interest Deduction;2018;COCG;Out of scope, but annual monitoring;14364/1and doc. 14114/19;;PT;PRT
RO001;Free zones;2006;COCG;Harmful;10879/0;2002: abolished 2012: end of grandfathering;RO;ROU
RO002;Disadvantaged zones;2006;COCG;Not harmful;NA;;RO;ROU
RO003;Large investment deduction;2006;COCG;Harmful;10879/06;2007;RO;ROU
RO004;Export activities;2006;COCG;Harmful;10879/06;2004;RO;ROU
RO005;Special tax exemptions;2006;COCG;Harmful;10879/0;2000: abolished 2007: end of grandfathering;RO;ROU
RO006;Patent profits exemption;2006;COCG;Harmful;10879/0;2003: abolished 2007: end of grandfathering;RO;ROU
RO007;Industrial parks;2006;COCG;Not harmful;NA;(expired in 2007);RO;ROU
RO008;Profit tax exemption for companies with innovation and research & development activities;2018;COCG;Review on hold until the relevant national legislation is adopted;9652/19;;RO;ROU
SK001;10-years tax holiday for foreign owned companies;2003;COCG;Harmful;13213/03;2003: already abolished 2009: end of grandfathering (doc. 13213/03);SK;SVK
SK002;Tax exemption for newly started companies;2003;COCG;Harmful;13213/0;2003: already abolished (doc. 13213/03);SK;SVK
SK003;100% corporate income tax credits for foreign investors;2003;COCG;Harmful;13213/0;2003: already abolished (doc. 13213/03);SK;SVK
SK004;100% corporate income tax credits for foreign investors (first amendment);2003;COCG;Harmful;13213/0;2004 (doc. 13213/03);SK;SVK
SK005;100% corporate income tax credits for foreign investors (second amendment);2003;COCG;Harmful;13213/0;2004 (doc. 13213/03);SK;SVK
SK006;Investment Aid Tax Credit;2008;COCG;Not assessed;10200/1/0;;SK;SVK
SK007;Patent box;2018;COCG;Not harmful;14364/18;;SK;SVK
SK008;Exemption of gains from the sale of shares and business shares;2018;COCG;Not assessed;14364/1;;SK;SVK
SI001;Special Economic Zones;2003;COCG;Not harmful;NA;;SI;SVN
SI002;Foreign income;2003;COCG;Harmful;13213/03;2004;SI;SVN
SI003;Newly established companies;2003;COCG;Not harmful;NA;;SI;SVN
SI004;Exemption of revenues from profit participation;2005;COCG;Not assessed;9427/05;;SI;SVN
SI005;Investment incentives allowance;2005;COCG;Not assessed;9427/05;;SI;SVN
SI006;Taxation of interest and royalties;2005;COCG;Not assessed;9427/05;;SI;SVN
SI007;Implementation of PSD, IRD and Merger Directive;2005;COCG;Not assessed;9427/05;;SI;SVN
SI008;Enlargement of the period for a loss carry-over;2006;COCG;Not assessed;15472/06;;SI;SVN
SI009;Relief for investment in research and development;2006;COCG;Not assessed;15472/06;;SI;SVN
SI010;Harmonisation of the amendments to the Mergers Directive;2006;COCG;Not assessed;15472/0;;SI;SVN
SI011;Exemption of Dividends and Capital Gains;2007;COCG;Not assessed;9047/07;;SI;SVN
SI012;Venture Capital Scheme;2007;COCG;Not assessed;9047/07;;SI;SVN
SI013;Amendments to the Economic Zones Act;2007;COCG;Not assessed;9047/07;;SI;SVN
SI014;Tax reliefs for Pomurje region;2010;COCG;Not assessed;16766/10;;SI;SVN
SI015;Amendments to the Economic Zones Act;2010;COCG;Not assessed;16766/10;;SI;SVN
SE001;Foreign Insurance Companies;1999;COCG;Not harmful;NA;;SE;SWE
SE002;Investment Companies;1999;COCG;Not harmful;NA;;SE;SWE
SE003;Tax allocation reserve of 20%;1999;COCG;Not harmful;NA;;SE;SWE
SE004;Holdings;2004;COCG;Not assessed;15317/04;;SE;SWE
UK001;International Headquarters Companies;1998;COCG;Not harmful;NA;;UK;GBR
UK002;Gibraltar 1992 Companies;1998;COCG;Harmful;14313/9;2003 (doc. 14812/02);UK;GBR
UK003;Gibraltar - Captive Insurance Companies;1998;COCG;Not harmful;NA;;UK;GBR
UK004;Gibraltar - Exempt Companies;1998;COCG;Harmful;14313/9;2006: abolished 2010: end of grandfathering (doc. 10200/1/09);UK;GBR
UK005;Gibraltar - Qualifying Companies;1998;COCG;Harmful;14313/99;2003 (doc. 14812/02);UK;GBR
UK006;Rollover Relief on Disposal of Ships;1999;COCG;Not harmful;NA;;UK;GBR
UK007;Gibraltar - Shipping and aviation;1999;COCG;Not harmful;NA;;UK;GBR
UK008;Film industry;1999;COCG;Not harmful;NA;;UK;GBR
UK009;Enterprises Zones;1999;COCG;Not harmful;NA;;UK;GBR
UK010;SMEs in Northern Ireland;1999;COCG;Not harmful;NA;;UK;GBR
UK011;Special Scheme for Accelerated Depreciation;1999;COCG;Not harmful;NA;;UK;GBR
UK012;Gibraltar - Development Incentives;1999;COCG;Not harmful;NA;;UK;GBR
UK013;Non taxation of financial activities of non resident companies;1999;COCG;Not harmful;NA;;UK;GBR
UK014;Scientific research allowances;1999;COCG;Not harmful;NA;;UK;GBR
UK015;Independent investment managers;1999;COCG;Not harmful;NA;;UK;GBR
UK016;Cost plus rulings;1999;2002-2009;Not harmful  Suspended following ECJ case (measure annulled in 2011);NA;;UK;GBR
UK018;Gibraltar - Income Tax Act (ITA) 2010;2011;COCG;Harmful;16488/12;2013 (doc. 11465/13);UK;GBR
UK019;Patent box;2013;COCG;Harmful;16553/1/1;2016 (doc. 14750/16) 30/06/2021: end of grandfathering;UK;GBR
UK020;Gibraltar - treatment of asset holding companies;2014;doc. 10608/14;Harmful;9912/1;2018 (doc. 14364/18 ADD 13);UK;GBR
UK021;Patent box;2017;COCG;Not harmful;10047/17;;UK;GBR
AI001;Measure under criterion 2.2;2017;COCG;Harmful;6671/18;2019 (doc. 7219/19);AI;AIA
AN001;Offshore companies;1999;COCG;Harmful;14313/9;2002: abolished 2019: end of grandfathering (doc. 14812/02);AN;BES
AN002;New businesses;1999;COCG;Not harmful;NA;;AN;BES
AN003;Mutual funds;1999;COCG;Not harmful;NA;;AN;BES
AN004;Captive Insurance;1999;COCG;Harmful;14313/9;2002: abolished (doc. 14812/02) 2019: end of grandfathering (doc. 14812/12);AN;BES
AN005;Free zones;1999;COCG;Harmful;14313/99;2006 (doc. 9655/06);AN;BES
AN006;Rulings;1999;COCG;Not harmful;NA;;AN;BES
AN007;Shipping and Air transport;1999;COCG;Not harmful;NA;;AN;BES
AN008;Ruling Practice;2004;COCG;Harmful;9805/04;2004 (doc. 9805/04);AN;BES
AN009;Tax treatment of exempt companies under the NFF;2004;COCG;Harmful;9805/0;2006: amended 2011: end of grandfathering (doc. 9805/04);AN;BES
AN010;Tax treatment of holding companies under the NFF;2004;COCG;Harmful;9805/0;2006: amended 2011: end of grandfathering (doc. 9805/04);AN;BES
AW001;Offshore Companies;1999;COCG;Harmful;14313/99;2003 (doc. 7018/1/03);AW;ABW
AW002;Exempt companies (AVVs);1999;COCG;Harmful;14313/99;2006 (doc. 7018/1/03);AW;ABW
AW003;Tax exemptions and holidays for new businesses;1999;COCG;Not harmful;NA;;AW;ABW
AW004;Free zones;1999;COCG;Harmful;14313/99;2006 (doc. 7018/1/03;AW;ABW
AW005;Rulings;1999;COCG;Not harmful;NA;;AW;ABW
AW006;Captive insurance;1999;COCG;Harmful;14313/99;2003 (doc. 7018/1/03);AW;ABW
AW007;Shipping and Air Transport;1999;COCG;Not harmful;NA;;AW;ABW
AW008;New fiscal framework;2004;COCG;Not harmful;NA;2015: abolished 2025: end of grandfathering11;AW;ABW
AW009;Amendments to the IPC regime;2016;COCG;Not assessed (Intellectual Property components were abolished before);NA;;AW;ABW
AW010;Free Zone;2017;OECD FHTP;;NA;;AW;ABW
AW011;Shipping and aviation companies;2017;COCG;Not harmful;NA;;AW;ABW
AW012;Special zone San Nicolas;2017;COCG;Harmful;6671/18;2018 (doc. 7518/19);AW;ABW
AW013;Transparency;2017;COCG;Harmful;6671/18;2019 (doc. 9646/19);AW;ABW
AW014;Exempt companies;2019;OECD FHTP;;NA;;AW;ABW
AW015;Investment Promotion;2019;OECD FHTP;;NA;;AW;ABW
BM001;Tax exemption guarantee;1999;COCG;Not harmful;NA;;BM;BMU
BM002;Measure under criterion 2.2;2017;COCG;Harmful;6671/18;2019 (doc. 9671/19);BM;BMU
BM003;Legislative amendments and new guidance under criterion 2.2;2019;COCG;;NA;;BM;BMU
CW001;eZone;2017;OECD FHTP;Harmful;6671/18;2018 (doc. 14364/18);CW;CUW
CW002;Export companies;2017;OECD FHTP;Harmful;6671/18;2018 (doc. 14364/18);CW;CUW
CW003;Investment company (formerly: Tax Exempt Entity);2017;OECD FHTP;Harmful;6671/18;2019 (doc. 9652/19);CW;CUW
CW004;Innovation box;2018;OECD FHTP;Not harmful;NA;;CW;CUW
CW005;Manufacturing activities under the eZone regime;2018;COCG;Harmful;14364/1COR 1;;CW;CUW
CW006;Foreign source income exemption;2019;COCG;Harmful;5981/19 and 9652/19;;CW;CUW
FK001;Tax Holidays;1999;COCG;Not harmful;NA;;FK;FLK
GG001;Exempt companies;1999;COCG;Harmful;14313/99;2008 (doc. 14812/02);GG;GGY
GG002;International loan business;1999;COCG;Harmful;14313/99;2008 (doc. 14812/02);GG;GGY
GG003;Unit trusts and collective investment companies;1999;COCG;Not harmful;NA;;GG;GGY
GG004;International Bodies;1999;COCG;Harmful;14313/99;2008 (doc. 14812/02);GG;GGY
GG005;Captive insurance companies;1999;COCG;Not harmful;NA;;GG;GGY
GG006;Offshore insurance companies;1999;COCG;Harmful;14313/99;2008 (doc. 14812/02);GG;GGY
GG007;Insurance companies;1999;COCG;Harmful;14313/99;2008 (doc. 14812/02);GG;GGY
GG008;Zero-ten corporate tax;2008;COCG;Harmful;16766/10;2012 (doc. 16488/12);GG;GGY
GG009;Measure under criterion 2.2;2017;COCG;Harmful;6671/18;2019 (doc. 7223/19);GG;GGY
GG010;New guidance under criterion 2.2;2019;COCG;;NA;;GG;GGY
GL001;Deduction for investment in mineral processing;1999;COCG;Not harmful;NA;;GL;GRL
GL002;Surcharge exemption for raw materials concession holders;1999;COCG;Not harmful;NA;;GL;GRL
IM001;Free Depreciation and balancing charges on ships;1999;COCG;Not harmful;NA;;IM;IMN
IM002;Special depreciation for tourist premises;1999;COCG;Not harmful;NA;;IM;IMN
IM003;International Business companies;1999;COCG;Harmful;14313/99;2006 (doc. 14812/02);IM;IMN
IM004;Exemption for non-residents companies;1999;COCG;Harmful;14313/99;2006 (doc. 14812/02);IM;IMN
IM005;Exempt insurance companies;1999;COCG;Harmful;14313/99;2006 (doc. 14812/02);IM;IMN
IM006;Tax holidays for industrial undertakings;1999;COCG;Not harmful;NA;;IM;IMN
IM007;International loan business;1999;COCG;Harmful;14313/99;2006 (doc. 14812/02);IM;IMN
IM008;Offshore banking business;1999;COCG;Harmful;14313/99;2006 (doc. 14812/02);IM;IMN
IM009;Fund management;1999;COCG;Harmful;14313/99;2006 (doc. 14812/02);IM;IMN
IM010;Exempt Public Companies;1999;COCG;Not harmful;NA;;IM;IMN
IM011;Film industry tax credits;1999;COCG;Not harmful;NA;;IM;IMN
IM012;General and non-discriminatory corporate taxation system;2007;COCG;Not harmful;NA;;IM;IMN
IM013;Distributable Profits Charge (DPC);2007;COCG;Harmful;15545/1/07;2008 (doc. 9633/08);IM;IMN
IM014;New tax legislation;2013;COCG;Not assessed;16656/13;;IM;IMN
IM015;Measure under criterion 2.2;2017;COCG;Harmful;6671/18;2019 (doc. 7223/19);IM;IMN
IM016;New guidance under criterion 2.2;2019;COCG;;NA;;IM;IMN
JE001;Tax exempt companies;1999;COCG;Harmful;14313/99;2008 (doc. 14812/02);JE;JEY
JE002;International Treasury operations;1999;COCG;Harmful;14313/99;2006 (doc. 14812/02);JE;JEY
JE003;International Business companies;1999;COCG;Harmful;14313/9;2006: abolished 2012: end of grandfathering (doc. 14812/02);JE;JEY
JE004;Captive insurance companies;1999;COCG;Harmful;14313/99;2006 (doc. 14812/02);JE;JEY
JE005;Zero-ten corporate tax;2008;COCG;Harmful;16766/10;2011 (doc.17081/11);JE;JEY
JE006;Measure under criterion 2.2;2017;COCG;Harmful;6671/18;2019 (doc. 7223/19);JE;JEY
JE007;New guidance under criterion 2.2;2019;COCG;;NA;;JE;JEY
KY001;Tax Exemption Guarantee;1999;COCG;Not harmful;NA;;KY;CYM
KY002;Measure under criterion 2.2;2017;COCG;Harmful;6671/18;2019 (doc. 7222/19);KY;CYM
KY003;Legislative amendments under criterion 2.2;2019;COCG;Harmful;12284/1/1REV 1;2019 (doc. 7222/19 ADD 1);KY;CYM
MO001;Offshore Banking;1999;COCG;Not harmful;NA;;MO;MAC
MS001;Reduced rate for industrial and offshore companies;1999;COCG;Not harmful;NA;;MS;MSR
MS002;International business companies;1999;COCG;Not harmful;NA;;MS;MSR
MS003;Tax holidays for approved enterprises;1999;COCG;Not harmful;NA;;MS;MSR
MS004;Exemption for newly constructed or enlarged hotels;1999;COCG;Not harmful;NA;;MS;MSR
MS005;International Business Companies;2017;OECD FHTP;Harmful;14364/18;2019 (doc. 9652/19);MS;MSR
NC001;Exemption for 8 years for certain activities in specified communes;1999;COCG;Not harmful;NA;;NC;NCL
NC002;Metallurgical companies;1999;COCG;Not harmful;NA;;NC;NCL
NC003;Exemption or reduced rate base for rental income in specified communes;1999;COCG;Not harmful;NA;;NC;NCL
NC004;10-15 year exemption in hotel and tourist industry;1999;COCG;Not harmful;NA;;NC;NCL
NC005;Deductions for investment in certain industries;1999;COCG;Not harmful;NA;;NC;NCL
NC006;Deduction for capital investment;1999;COCG;Not harmful;NA;;NC;NCL
PF001;Investment and job incentives (tax exemptions) in certain sectors (tourism, maritime, etc. but excluding banking and insurance);1999;COCG;Not harmful;NA;;PF;PYF
PM001;Temporary exemptions for certain sectors;1999;COCG;Not harmful;NA;;PM;SPM
PM002;Partial exemption from distribution tax;1999;COCG;Not harmful;NA;;PM;SPM
PM003;Deduction for productive investment;1999;COCG;Not harmful;NA;;PM;SPM
PM004;Share in the subscribed capital of certain companies;1999;COCG;Not harmful;NA;;PM;SPM
SH001;Tax holidays;1999;COCG;Not harmful;NA;;SH;SHN
SH002;150% deductions;1999;COCG;Not harmful;NA;;SH;SHN
TC001;Tax Exemption Guarantee;1999;COCG;Not harmful;NA;;TC;TCA
TC002;Measure under criterion 2.2;2017;COCG;Harmful;6671/18;2019 (doc. 7225/19);TC;TCA
TC003;Legislative amendments under criterion 2.2;2019;COCG;;NA;;TC;TCA
VG001;Arising and remittance basis;1999;COCG;Not harmful;NA;;VG;VGB
VG002;1% rate;1999;COCG;Not harmful;NA;;VG;VGB
VG003;Pioneer industry exemption;1999;COCG;Not harmful;NA;;VG;VGB
VG004;Exemption for newly constructed hotels;1999;COCG;Not harmful;NA;;VG;VGB
VG005;International Business companies;1999;COCG;Harmful;14313/99;2005 (doc. 15434/05);VG;VGB
VG006;Measure under criterion 2.2;2017;COCG;Harmful;6671/18;2019 (doc. 7226/19);VG;VGB
VG007;New guidance under criterion 2.2;2019;COCG;;NA;;VG;VGB
WF001;Investment and Job Incentives;1999;COCG;Not harmful;NA;;WF;WLF
YT001;Temporary tax exemptions for companies;1999;COCG;Not harmful;NA;;YT;MYT
YT002;Tax deductions for productive investments;1999;COCG;Not harmful;NA;;YT;MYT
YT003;Capital contributions to certain companies;1999;COCG;Not harmful;NA;;YT;MYT
AD001;International Trading Companies;2017;OECD FHTP;Harmful;6671/18;2018 (doc. 14364/18);AD;AND
AD002;International Intellectual Property companies;2017;OECD FHTP;Harmful;6671/1;2018 (doc. 14364/18);AD;AND
AD003;Intra-Group finance companies;2017;OECD FHTP;Harmful;6671/1;2018 (doc. 14364/18);AD;AND
AD004;Holding companies;2017;OECD FHTP;Harmful;6671/18;2018 (doc. 14364/18);AD;AND
AE001;Free Zones;2017;COCG;Not assessed14;8304/1/18;;AE;ARE
AE002;Measure under criterion 2.2;2018;COCG;Harmful;8304/1/18;2019 (doc. 13047/19);AE;ARE
AE003;New guidance under criterion 2.2;2019;COCG;;NA;;AE;ARE
AG001;International Business Corporations (IBC);2017;COCG;Harmful;6671/1;2019 (doc. 7461/19);AG;ATG
AG002;Merchant Shipping Act;2018;COCG;;NA;;AG;ATG
AG003;Free Trade Zones (Paradise Found Act, Yida Act, Free Trade Zone Act, Special Economic Zone Act);2018;COCG;Harmful;14364/1;;AG;ATG
AM001;Reduced Tax Rate for Large Exporters;2017;COCG;Harmful;6671/1;2018 (doc. 12771/18);AM;ARM
AM002;Governmentally approved projects outside Armenia;2017;COCG;Harmful;6671/1;2018 (doc. 12772/18);AM;ARM
AU001;Offshore banking unit;2018;OECD FHTP;Harmful;14364/1COR 1;;AU;AUS
BB001;International Business Companies;2017;OECD FHTP;Harmful;6671/18;2019 (doc. 9652/19);BB;BRB
BB002;International Financial Services;2017;OECD FHTP;Harmful;6671/18;2019 (doc. 9652/19);BB;BRB
BB003;Exempt Insurance Company;2017;OECD FHTP;Harmful;6671/18;2019 (doc. 9652/19);BB;BRB
BB004;Qualifying Insurance Company;2017;OECD FHTP;Harmful;6671/18;2019 (doc. 9652/19);BB;BRB
BB005;International Societies with Restricted Liability;2017;OECD FHTP;Harmful;6671/18;2019 (doc. 9652/19);BB;BRB
BB006;Shipping Regime;2017;COCG;Not harmful;NA;;BB;BRB
BB007;International Trusts;2017;OECD FHTP;Harmful;6671/18;2019 (doc. 9652/19);BB;BRB
BB008;Fiscal Incentives Act;2017;COCG;Harmful;6671/18;2018 (doc. 7676/19);BB;BRB
BB009;Foreign Currency Earnings Credit (FCEC) / Credit for overseas projects or services;2017;OECD FHTP and COCG;Harmful;6671/1;2019 (doc. 9652/19);BB;BRB
BB010;Insurance regime;2019;OECD FHTP;;NA;;BB;BRB
BB011;Measure under criterion 2.2;2019;COCG;Harmful;5981/19;;BB;BRB
BH001;Measure under criterion 2.2;2017;COCG;Harmful;6671/18;2019 (doc. 7221/19);BH;BHR
BH002;New guidance under criterion 2.2;2019;COCG;;NA;;BH;BHR
BR001;Export Processing Zone;2017;COCG;Not harmful;NA;;BR;BRA
BS001;Measure under criterion 2.2;2017;COCG;Harmful;6671/18;2019 (doc. 7220/19);BS;BHS
BW001;Botswana International Financial Services Centre Companies (BITCC);2017;OECD FHTP;Harmful;6671/1;2019: abolished No grandfathering (doc. 9652/19);BW;BWA
BW002;Foreign source income exemption;2019;COCG;;NA;;BW;BWA
BZ001;International business company (IBC);2017;OECD FHTP;Harmful;6671/18;;BZ;BLZ
BZ002;Export processing zones (EPZ) enterprises;2017;COCG;Harmful;6671/1;2019 (doc. 7615/19 + ADDs 1-2);BZ;BLZ
BZ003;Fiscal incentives Act;2019;COCG;Not harmful;14114/1ADD 4;;BZ;BLZ
BZ004;General Income Tax Act (section 14);2019;COCG;Not harmful;14114/1ADD 5;;BZ;BLZ
BZ005;Commercial free zone (CFZ);2019;COCG;Not harmful;14114/1ADD 6;;BZ;BLZ
BZ006;Foreign source income exemption;2019;COCG;Harmful;5981/19 and 9652/19;;BZ;BLZ
CA001;Life insurance business;2018;OECD FHTP;Potentially harmful but not actually harmful (under monitoring);14364/18;;CA;CAN
CH001;Cantonal administrative company status (auxiliary company regime);2012;COCG;Harmful;11133/1;2019 (doc. 13196/19);CH;CHE
CH002;Cantonal mixed company status;2012;COCG;Harmful;11133/13;2019 (doc. 13202/19);CH;CHE
CH003;Cantonal holding company status;2012;COCG;Harmful;11133/13;2019 (doc. 13203/19);CH;CHE
CH004;Circular Number 8 of the Federal Tax Administration on principal structures (principal regime);2012;COCG;Harmful;11133/1;2019 (doc. 13205/19);CH;CHE
CH005;Practice of the Federal Tax Administration regarding finance branches;2012;COCG;Harmful;11133/1;2019 (doc. 13206/19);CH;CHE
CH006;Patent box of the Canton of Nidwalden;2019;OECD FHTP;Not harmful;14114/19;;CH;CHE
CH007;Notional interest deduction;2019;COCG;;NA;;CH;CHE
CK001;International Companies;2017;COCG;Harmful;6671/18;;CK;COK
CK002;International Insurance Companies;2017;COCG;Harmful;6671/1;;CK;COK
CK003;Overseas insurance companies;2017;COCG;Does not meet the gateway criterion;9652/1ADD 8 REV 1;;CK;COK
CK004;International Captive Insurance Companies;2017;COCG;Harmful;6671/1;;CK;COK
CK005;Encouragement of new industry or enterprise;2017;COCG;Harmful (but not used and in the process of being repealed at the time of the screening);NA;2018;CK;COK
CK006;Developing projects;2017;COCG;Harmful;6671/18;;CK;COK
CL001;Business platform;2017;OECD FHTP;Potentially harmful but not actually harmful (under monitoring);NA;2022: end of grandfathering;CL;CHL
CN001;Reduced rate for new/high tech enterprises;2017;OECD FHTP;Not harmful;NA;;CN;CHN
CN002;Reduced rate for advanced technology service enterprises;2017;OECD FHTP;Not harmful;NA;;CN;CHN
CO001;Exempted income – income derived from software developed in Colombia;2017;OECD FHTP;Harmful;NA;2017;CO;COL
CR001;Free Zones;2017;OECD FHTP;Harmful;9637/18;2019 (doc. 13207/19);CR;CRI
CR002;Manufacturing activities under the amended Free Zones regime;2019;COCG;Harmful;9652/1ADD 9 REV 1;2019 (doc. 13207/19);CR;CRI
CR003;Foreign source income exemption;2019;COCG;;NA;;CR;CRI
CV001;International Business Centre (as revised);2017;COCG;Harmful16;NA;2019 (doc. 7462/19);CV;CPV
CV002;International financial institutions;2017;COCG;Harmful;6671/18;2019 (doc. 7463/19);CV;CPV
CV003;Shipping regime;2019;OECD FHTP;Not harmful;14114/19;;CV;CPV
CV004;Incentives for internationalisation;2019;COCG;Not currently harmful, but annual monitoring;14114/1ADD 7;;CV;CPV
DM001;International Business Companies;2017;COCG;Harmful;6671/18;2019 (doc. 7519/19);DM;DMA
DM002;Offshore Banking;2017;COCG;Harmful;6671/18;2019 (doc. 7520/19);DM;DMA
DM003;General incentive under Fiscal Incentives Act (FIA);2017;COCG;Harmful;6671/18;2019 (doc. 7521/19);DM;DMA
FJ001;Exporting Companies;2017;COCG;Harmful;6671/18;;FJ;FJI
FJ002;Income Communication Technology (ICT) Incentive;2017;COCG;Harmful;6671/1;;FJ;FJI
FJ003;Concessionary rate of tax for regional or global headquarters;2017;COCG;Harmful;6671/1;;FJ;FJI
GD001;International companies;2017;COCG;Harmful;6671/1;2019 (doc. 7464/19 + ADD 1);GD;GRD
GD002;Offshore Banking;2017;COCG;Harmful;6671/18;2019 (doc. 7465/19);GD;GRD
GD003;International Insurance;2017;COCG;Harmful;6671/18;2019 (doc. 7466/19);GD;GRD
GD004;International trusts;2017;COCG;Harmful;6671/1;2019 (doc. 7467/19 + ADD 1);GD;GRD
GD005;Fiscal incentives under various Acts;2017;COCG;Harmful;6671/1;2019 (doc. 7468/19 + ADD 1);GD;GRD
GD006;Export processing / commercial free zones enterprises;2017;COCG;Not harmful;7469/19;;GD;GRD
GE001;International Financial Companies;2017;OECD FHTP;Potentially harmful but not actually harmful (under monitoring);NA;;GE;GEO
GE002;Free industrial zones (FIZ);2017;COCG;Not harmful17;NA;;GE;GEO
GE003;Special Trade Companies;2017;COCG;Not harmful18;NA;;GE;GEO
GE004;Virtual Zone Person (VZP);2017;OECD FHTP;Potentially harmful but not actually harmful (under monitoring);NA;;GE;GEO
HK001;Corporate treasury centres (CTC);2017;OECD FHTP;Harmful;6671/1;2018 (doc. 14364/18);HK;HKG
HK002;Offshore funds;2017;COCG;Harmful;6671/18;2019 (doc. 7470/19);HK;HKG
HK003;Offshore Private Equity Funds;2017;COCG;Harmful;6671/18;2019 (doc. 7516/19);HK;HKG
HK004;Offshore Reinsurance;2017;OECD FHTP;Harmful;6671/1;2018 (doc. 14364/18);HK;HKG
HK005;Offshore captive insurance;2017;OECD FHTP;Harmful;6671/1;2018 (doc. 14364/18);HK;HKG
HK006;Shipping Regime;2017;OECD FHTP;Not harmful;NA;;HK;HKG
HK007;Qualifying debt instruments;2017;COCG;Not harmful;NA;;HK;HKG
HK008;Profits tax concessions for aircraft lessors and aircraft leasing managers;2017;OECD FHTP;Not harmful;NA;;HK;HKG
HK009;foreign source income exemption;2019;COCG;;NA;;HK;HKG
ID001;Investment allowance;2017;OECD FHTP;Not harmful;NA;;ID;IDN
ID002;Special economic zone;2017;OECD FHTP;Not harmful;NA;;ID;IDN
ID003;Tax reduction;2017;OECD FHTP;Not harmful;NA;;ID;IDN
ID004;Public / listed company;2017;OECD FHTP;Not harmful;NA;;ID;IDN
IL001;Preferred company;2017;OECD FHTP;Not harmful;NA;;IL;ISR
IN001;Special Economic Zones (SEZS);2017;OECD FHTP;Not harmful;NA;;IN;IND
JM001;Industrial (Export Related) Incentives;2017;COCG;Harmful;6671/1;2014: abolished 2017: end of grandfathering;JM;JAM
JM002;Special Economic Zones;2017;COCG;Not harmful;NA;;JM;JAM
JO001;Free Zone;2017;OECD FHTP + COCG;Harmful;6671/1;2019 (docs. 7517/19 and 9652/19);JO;JOR
JO002;Development Zone;2018;OECD FHTP;Harmful;9652/19;;JO;JOR
JO003;Least Developed Zones;2018;COCG;Out of scope;NA;;JO;JOR
JO004;Aqaba Special Economic Zone;2018;OECD FHTP;;NA;;JO;JOR
KN001;Offshore companies;2017;COCG;Harmful;6671/1;2019 (doc. 7522/19);KN;KNA
KN002;Fiscal Incentives Act;2018;COCG;Harmful;14364/18;;KN;KNA
KR001;Foreign investment Zone (FIZ);2017;COCG;Harmful;6671/18;2019 (doc. 7523/19);KR;KOR
KR002;Free Trade / Economic Zones (FTEZ);2017;COCG;Harmful;6671/18;2019 (doc. 7524/19);KR;KOR
LC001;International Business Companies (IBC);2017;COCG;Harmful;6671/18;2019 (doc. 7525/19);LC;LCA
LC002;International Trusts;2017;COCG;Harmful;6671/18;2019 (doc. 7545/19);LC;LCA
LC003;Free trade Zones;2017;COCG;Harmful;6671/1;2019 (doc. 7546/19 + ADD 1);LC;LCA
LC004;International Partnership Act;2018;OECD FHTP;Harmful;NA;2018: abolished;LC;LCA
LC005;Foreign source income exemption;2019;COCG;Harmful;5981/19 and 9652/19;;LC;LCA
LI001;Tax Exempt Corporate Income - dividends and capital gains;2011;COCG doc. 17081/11;Harmful;14784/1;2018 (doc. 12773/18);LI;LIE
LI002;The special regime for Private Asset Structures (PAS);2011;COCG doc. 17081/11;Out of scope;14784/1;;LI;LIE
LI003;Interest deduction on equity (Allowance for Corporate Equity - ACE);2016;COCG;Harmful;14784/1;2018 (doc. 12774/18);LI;LIE
LI004;Royalty box;2016;COCG;Not assessed (abolished before);NA;;LI;LIE
MA001;Coordination Centres;2017;COCG;Harmful;6671/18;2019 (doc. 7547/19);MA;MAR
MA002;Export Enterprises;2017;COCG;Harmful;6671/18;;MA;MAR
MA003;Export Free Zones (EFZ) or Free Trade Zones (FTZ);2017;COCG;Harmful;6671/18;;MA;MAR
MA004;Offshore Banks;2017;COCG;Potentially harmful but not actually harmful (under monitoring);NA;2019 (doc. 7548/19);MA;MAR
MA005;Offshore Holding Companies;2017;COCG;Harmful;6671/1;2019 (doc. 7549/19);MA;MAR
MA006;Casablanca Finance City;2018;COCG;Harmful;14364/1;;MA;MAR
MH001;Measure under criterion 2.2;2017;COCG;Harmful;6671/18;2019 (doc. 13049/19);MH;MHL
MK001;Technological industrial development zone;2019;OECD FHTP;;NA;;MK;MKD
MN001;Free trade zone;2018;OECD FHTP;Abolished;14114/1;;MN;MNG
MN002;90% tax credit regime for companies residing in isolated province (500 km);2018;COCG;Not harmful;14114/1ADD 8;;MN;MNG
MO002;Offshore companies;2017;OECD FHTP;Harmful;6671/1;2019: abolished 2021: end of grandfathering;MO;MAC
MU001;Global Business Licence 1 (GBL 1);2017;OECD FHTP;Harmful;6671/18;2019 (doc. 9652/19);MU;MUS
MU002;Global Business Licence 2 (GBL 2);2017;OECD FHTP;Harmful;6671/18;2019 (doc. 9652/19);MU;MUS
MU003;Freeport Zone;2017;OECD FHTP;Harmful;6671/18;2018 (doc. 14364/18);MU;MUS
MU004;Shipping Regime;2017;OECD FHTP;Not Harmful;NA;;MU;MUS
MU005;Captive Insurance;2017;OECD FHTP;Harmful;6671/18;2018 (doc. 14364/18);MU;MUS
MU006;Banks Holding a Banking Licence under the Banking Act 2004 (segment B banking);2017;OECD FHTP;Harmful;6671/1;2019 (doc. 9652/19);MU;MUS
MU007;Global treasury activities;2017;OECD FHTP;Not Harmful;NA;;MU;MUS
MU008;Global headquarters administration;2017;OECD FHTP;Not Harmful;NA;;MU;MUS
MU009;Investment Banking;2017;OECD FHTP;Not Harmful;NA;;MU;MUS
MU010;Partial exemption system;2018;COCG;Harmful;5981/19 and 9652/19;2019 (doc. 13208/19);MU;MUS
MU011;Banks Holding a Banking Licence under the Banking Act 2004;2018;OECD FHTP;;NA;;MU;MUS
MU012;Manufacturing activities under the Freeport zone regime;2018;COCG;Harmful;14364/1;2019 (doc. 13209/19);MU;MUS
MU013;Intellectual Property;2019;OECD FHTP;Not harmful;14114/19;;MU;MUS
MV001;Reduced tax;2017;COCG;Harmful;6671/1;;MV;MDV
MV002;Foreign source income exemption;2019;COCG;;NA;;MV;MDV
MY001;Labuan Island - International Business and Financial Centre (IBFC);2017;OECD FHTP;Harmful;6671/1;2019: amended No grandfathering (doc. 9652/19);MY;MYS
MY002;Labuan Island - Financing and Leasing;2017;OECD FHTP;Harmful;6671/1;2018 (doc. 14364/18);MY;MYS
MY003;International trading company;2017;COCG;Not Harmful;NA;;MY;MYS
MY004;Foreign fund management;2017;OECD FHTP;Not Harmful;NA;;MY;MYS
MY005;Special economic regions;2017;OECD FHTP;Harmful;6671/18;2019: amended (doc. 9652/19);MY;MYS
MY006;Treasury management centre (TMC);2017;OECD FHTP;Harmful;NA;2017;MY;MYS
MY007;Pioneer Status;2017;OECD FHTP;Harmful;6671/18;2019: amended (doc. 9652/19);MY;MYS
MY008;Biotechnology industry;2017;OECD FHTP;Harmful;6671/1;2019: IP part abolished, non IP part amended (doc. 9652/19);MY;MYS
MY009;Approved Service Projects;2017;COCG;Not Harmful;NA;;MY;MYS
MY010;Green technology services;2017;OECD FHTP;Not Harmful;NA;;MY;MYS
MY011;MSC Malaysia Status;2017;OECD FHTP;Harmful;6671/1;2019: IP part abolished (grandfathering until 30/06/2021), non IP part amended (doc. 9652/19);MY;MYS
MY012;Headquarters;2017;OECD FHTP;Harmful;6671/18;2019 (doc. 10267/19);MY;MYS
MY013;Inward re-insurance and offshore insurance;2017;OECD FHTP;Harmful;6671/1;2019: amended 30/06/2021: end of grandfathering (doc. 9652/19);MY;MYS
MY014;International currency business units;2018;OECD FHTP;;NA;;MY;MYS
MY015;Foreign source income exemption;2019;COCG;;NA;;MY;MYS
MY016;Manufacturing activities under the Pioneer status regime (high technology);2019;COCG;Not harmful;9652/1ADD 10;;MY;MYS
NA001;Export Processing Zones (EPZ);2017;COCG;Harmful;6671/18;;"NA";NAM
NA002;Exporters;2017;COCG;Harmful;6671/18;;"NA";NAM
NA003;Foreign source income exemption;2019;COCG;;NA;;"NA";NAM
NR001;Foreign source income exemption;2019;COCG;;NA;;NR;NRU
NU001;International Business Companies Act of 1994 (IBC);2017;COCG;Harmful;6671/18;200620;NU;NIU
PA001;Multinational Headquarters;2017;OECD FHTP;Harmful;6671/1;2019: amended 30/06/2021: end of grandfathering (doc. 9652/19);PA;PAN
PA002;Free Zones Act;2017;COCG;Out of scope;NA;;PA;PAN
PA003;Colon Free Zone;2017;COCG;Not harmful;NA;;PA;PAN
PA004;Panama-Pacifico Special Economic Area;2017;OECD FHTP;Harmful;6671/1;2019: amended 30/06/2021: end of grandfathering (doc. 9652/19);PA;PAN
PA005;Foreign Owned Call Centres;2017;COCG;Harmful;6671/18;2018 (doc. 15117/18);PA;PAN
PA006;Shipping Regime;2017;OECD FHTP;Not harmful;NA;;PA;PAN
PA007;Intellectual Property - City of Knowledge;2017;OECD FHTP;Harmful;6671/1;2019: amended No grandfathering (doc. 9652/19);PA;PAN
PA008;Foreign source income exemption;2019;COCG;;NA;;PA;PAN
PE001;CETICOS special economic zone;2017;COCG;Not Harmful;NA;;PE;PER
PE002;Zofratacna special economic zone;2017;OECD FHTP;Not Harmful;NA;;PE;PER
QA001;Qatar Science and Technology Park (QSTP);2019;OECD FHTP;;NA;;QA;QAT
QA002;Qatar Financial Centre (QFC);2019;OECD FHTP;;NA;;QA;QAT
QA003;Free zone areas;2019;OECD FHTP;;NA;;QA;QAT
QA004;Foreign source income exemption;2019;COCG;;NA;;QA;QAT
SC001;International Business Companies;2017;OECD FHTP;Harmful;6671/1;2019: abolished No grandfathering (doc. 9652/19);SC;SYC
SC002;International Trade Zone (ITZ);2017;OECD FHTP;Harmful;6671/1;2019: IP part abolished 30/06/2021: end of grandfathering (doc. 9652/19);SC;SYC
SC003;Offshore banks (OB);2017;OECD FHTP;Harmful;6671/1;2019: abolished No grandfathering (doc. 9652/19);SC;SYC
SC004;Offshore insurance;2017;OECD FHTP;Harmful;6671/1;2019: abolished 30/06/2021: end of grandfathering (doc. 9652/19);SC;SYC
SC005;Companies special license (CSL);2017;OECD FHTP;Harmful;6671/1;2019: abolished No grandfathering (doc. 9652/19);SC;SYC
SC006;Intellectual Property;2017;OECD FHTP;Non existent;NA;;SC;SYC
SC007;Securities Business under the Securities act;2017;OECD FHTP;Harmful;6671/1;2019: amended 30/06/2021: end of grandfathering (doc. 9652/19);SC;SYC
SC008;Fund Administration Business;2017;OECD FHTP;Harmful;6671/1;2019: amended 30/06/2021: end of grandfathering (doc. 9652/19);SC;SYC
SC009;Reinsurance Business;2017;OECD FHTP;Potentially harmful but not actually harmful (under monitoring);NA;2019: abolished No grandfathering (doc. 9652/19);SC;SYC
SC010;Manufacturing activities in the International Trade Zone;2018;COCG;Harmful;14364/1;;SC;SYC
SC011;Foreign source income exemption;2019;COCG;Harmful;5981/19 and 9652/19;;SC;SYC
SG001;Export of services incentive;2017;OECD FHTP;Not Harmful;NA;;SG;SGP
SG002;Offshore insurance incentive;2017;OECD FHTP;Harmful (2017 screening);NA;2017;SG;SGP
SG003;Development and Expansion Incentive (DEI) - Legal service;2017;OECD FHTP;Harmful (2017 screening);NA;2017;SG;SGP
SG004;Financial services sector incentives;2017;OECD FHTP;Not Harmful;NA;;SG;SGP
SG005;Enhanced headquarters incentive package;2017;OECD FHTP;Harmful (IP components) (2017 screening);NA;2017;SG;SGP
SG006;Double Tax Deduction for Internationalisation (DTDI);2017;COCG;Out of scope;NA;;SG;SGP
SG007;International Growth Scheme;2017;OECD FHTP;Harmful (2017 screening);NA;2017;SG;SGP
SG008;Maritime sector incentive;2017;OECD FHTP;Not Harmful;NA;;SG;SGP
SG009;R&D / IP deductions;2017;COCG;Out of scope;NA;;SG;SGP
SG010;Pioneer Service Companies (PSC) for HQ activities;2017;OECD FHTP;Harmful (IP components) (2017 screening);NA;2017;SG;SGP
SG011;Aircraft Leasing Scheme (ALS);2017;OECD FHTP;Not Harmful;NA;;SG;SGP
SG012;Finance and Treasury Centre (FTC);2017;OECD FHTP;Not Harmful;NA;;SG;SGP
SG013;Foreign source income exemption;2019;COCG;;NA;;SG;SGP
SM001;Financing;2017;OECD FHTP;Harmful (2017 screening);NA;2017;SM;SMR
SM002;Intellectual Property;2017;OECD FHTP;Harmful (2017 screening);NA;2017;SM;SMR
SM003;New companies;2017;OECD FHTP;Harmful;6671/18;2018 (doc. 14364/18);SM;SMR
SM004;High-tech start-up companies;2017;OECD FHTP;Harmful;6671/18;2018 (doc. 14364/18);SM;SMR
SM005;Intellectual Property regime;2018;OECD FHTP;;NA;;SM;SMR
SZ001;Special economic zones;2019;COCG;Not currently harmful (not yet operational), but annual monitoring;14114/19;;SZ;SWZ
SZ002;Foreign source income exemption;2019;COCG;;NA;;SZ;SWZ
TH001;International Headquarters (IHQ);2017;OECD FHTP;Harmful;6671/18;2019 (doc. 9652/19);TH;THA
TH002;International Trading Centre (ITC);2017;OECD FHTP;Harmful;6671/18;2019 (doc. 9652/19);TH;THA
TH003;Regional Operating Headquarters (ROH);2017;OECD FHTP;Harmful;6671/18;2019 (doc. 9652/19);TH;THA
TH004;Treasury Centre (TC);2017;OECD FHTP;Harmful;6671/18;2019 (doc. 9652/19);TH;THA
TH005;International banking facilities;2018;OECD FHTP;Harmful21;NA;2019: abolished 2021: end of grandfathering (doc. 9652/19);TH;THA
TH006;International business centre (IBC);2019;OECD FHTP;Not harmful;14114/19;;TH;THA
TN001;Export promotion incentives;2017;COCG;Harmful;6671/18;2019 (doc. 7550/19);TN;TUN
TN002;Offshore financial services;2017;COCG;Harmful;6671/18;2019 (doc. 7560/19);TN;TUN
TR001;Technology Development Zones;2017;OECD FHTP;Harmful;6671/18;2018 (doc. 14364/18);TR;TUR
TR002;Corporate Tax Law Provision 5/B (new IP regime);2017;OECD FHTP;Not harmful;NA;;TR;TUR
TR003;Free zones;2017;OECD FHTP;Not harmful;NA;;TR;TUR
TR004;Regional Headquarters;2017;COCG;Harmful;6671/1;2019 (doc. 7561/19);TR;TUR
TT001;Free trade zone;2017;OECD FHTP;Harmful;6671/18;;TT;TTO
TW001;Free Trade Zone;2017;COCG;Harmful;6671/1;2019 (doc. 7562/19);TW;TWN
US001;Delaware - Exemption of Investment Holding Companies, Firms managing Intangible Investments of Mutual Funds;2017;COCG;Not Harmful;NA;;US;USA
US002;Delaware - Deduction of interest from affiliated companies;2017;COCG;Not Harmful;NA;;US;USA
US003;Foreign Derived Intangible Income (FDII);2018;OECD FHTP;;NA;;US;USA
UY001;Free zones;2017;OECD FHTP;Harmful;6671/1;2019: amended 30/06/2021: end of grandfathering (doc. 9652/19);UY;URY
UY002;Shared service centre;2017;OECD FHTP;Harmful;6671/1;2018 (doc. 14364/18);UY;URY
UY003;Financial company reorganisation;2017;OECD FHTP;Not assessed (abolished before);NA;2016;UY;URY
UY004;General powers under Law 16,906;2017;COCG;Not harmful;NA;;UY;URY
UY005;Holding company regime / source principle taxation;2017;COCG;Out of scope;NA;;UY;URY
UY006;Software and biotechnology industry incentives;2017;OECD FHTP;Harmful;6671/1;2019: amended 30/06/2021: end of grandfathering (doc. 9652/19);UY;URY
UY007;Benefits under law 16,906 for biotechnology;2018;OECD FHTP;Harmful22;NA;2019: IP part abolished, non-IP part amended No grandfathering (doc. 9652/19);UY;URY
UY008;Foreign source income exemption;2019;COCG;;NA;;UY;URY
VC001;International Business Companies (IBC);2017;COCG;Harmful;6671/1;2019 (doc. 7563/19 + ADDs 1-2);VC;VCT
VC002;International trusts;2017;COCG;Harmful;6671/18;2019 (doc. 7564/19);VC;VCT
VI001;Economic Development Programme;2017;COCG;Harmful;6671/18;;VI;VIR
VI002;Exempt companies;2017;COCG;Harmful;6671/18;;VI;VIR
VI003;International Banking Center Regulatory Act;2017;COCG;Harmful;6671/18;;VI;VIR
VN001;Export processing zones;2017;COCG;Not harmful;12775/18;;VN;VNM
VN002;Industrial Parks/Zones;2018;COCG;Not harmful;14364/18;;VN;VNM
VN003;IP Benefits;2018;OECD FHTP;;NA;;VN;VNM
VN004;Economic Zones;2018;COCG;Not harmful;14114/1ADD 9;;VN;VNM
VN005;Disadvantaged Areas;2018;COCG;Not harmful;14114/1ADD 10;;VN;VNM
VU001;Measure under criterion 2.2;2017;COCG;Harmful;6671/18;;VU;VUT
WS001;Offshore Business;2017;COCG;Harmful;6671/18;;WS;WSM
WS002;Foreign source income exemption;2019;COCG;;NA;;WS;WSM
ZA001;Special Economic Zones;2017;COCG;Not Harmful;NA;;ZA;ZAF
ZA002;Headquarter companies;2018;OECD FHTP;Potentially harmful but not actually  harmful (under monitoring);NA;;ZA;ZAF
